{
    "drainCooldown": 1648048791.8974993,
    "dailyKeysCooldown": 1648005591.8974993
}